Title,Price,Date
"USB C to USB Adapter 3.1 Gen 2, 10Gbps USB to USB C Adapter, USB-C Male to USB 3.0 A Female USB 3.2 Type C OTG Converter for MacBook pro Laptop PC iMac iPad air",3.99,2025-03-05
"USB C to USB Adapter 3.1 Gen 2, 10Gbps USB to USB C Adapter, USB-C Male to USB 3.0 A Female USB 3.2 Type C OTG Converter for MacBook pro Laptop PC iMac iPad air",3.99,2025-03-05
"USB C to USB Adapter 3.1 Gen 2, 10Gbps USB to USB C Adapter, USB-C Male to USB 3.0 A Female USB 3.2 Type C OTG Converter for MacBook pro Laptop PC iMac iPad air",3.99,2025-03-05
"USB C to USB Adapter 3.1 Gen 2, 10Gbps USB to USB C Adapter, USB-C Male to USB 3.0 A Female USB 3.2 Type C OTG Converter for MacBook pro Laptop PC iMac iPad air",3.99,2025-03-05
"USB C to USB Adapter 3.1 Gen 2, 10Gbps USB to USB C Adapter, USB-C Male to USB 3.0 A Female USB 3.2 Type C OTG Converter for MacBook pro Laptop PC iMac iPad air",3.99,2025-03-05
"USB C to USB Adapter 3.1 Gen 2, 10Gbps USB to USB C Adapter, USB-C Male to USB 3.0 A Female USB 3.2 Type C OTG Converter for MacBook pro Laptop PC iMac iPad air",3.99,2025-03-05
"USB C to USB Adapter 3.1 Gen 2, 10Gbps USB to USB C Adapter, USB-C Male to USB 3.0 A Female USB 3.2 Type C OTG Converter for MacBook pro Laptop PC iMac iPad air",3.99,2025-03-05
"USB C to USB Adapter 3.1 Gen 2, 10Gbps USB to USB C Adapter, USB-C Male to USB 3.0 A Female USB 3.2 Type C OTG Converter for MacBook pro Laptop PC iMac iPad air",3.99,2025-03-05
"USB C to USB Adapter 3.1 Gen 2, 10Gbps USB to USB C Adapter, USB-C Male to USB 3.0 A Female USB 3.2 Type C OTG Converter for MacBook pro Laptop PC iMac iPad air",3.99,2025-03-05
"USB C to USB Adapter 3.1 Gen 2, 10Gbps USB to USB C Adapter, USB-C Male to USB 3.0 A Female USB 3.2 Type C OTG Converter for MacBook pro Laptop PC iMac iPad air",3.99,2025-03-05
"USB C to USB Adapter 3.1 Gen 2, 10Gbps USB to USB C Adapter, USB-C Male to USB 3.0 A Female USB 3.2 Type C OTG Converter for MacBook pro Laptop PC iMac iPad air",3.99,2025-03-05
"USB C to USB Adapter 3.1 Gen 2, 10Gbps USB to USB C Adapter, USB-C Male to USB 3.0 A Female USB 3.2 Type C OTG Converter for MacBook pro Laptop PC iMac iPad air",3.99,2025-03-05
"USB C to USB Adapter 3.1 Gen 2, 10Gbps USB to USB C Adapter, USB-C Male to USB 3.0 A Female USB 3.2 Type C OTG Converter for MacBook pro Laptop PC iMac iPad air",3.99,2025-03-05
"USB C to USB Adapter 3.1 Gen 2, 10Gbps USB to USB C Adapter, USB-C Male to USB 3.0 A Female USB 3.2 Type C OTG Converter for MacBook pro Laptop PC iMac iPad air",3.99,2025-03-05
"USB C to USB Adapter 3.1 Gen 2, 10Gbps USB to USB C Adapter, USB-C Male to USB 3.0 A Female USB 3.2 Type C OTG Converter for MacBook pro Laptop PC iMac iPad air",3.99,2025-03-05
"USB C to USB Adapter 3.1 Gen 2, 10Gbps USB to USB C Adapter, USB-C Male to USB 3.0 A Female USB 3.2 Type C OTG Converter for MacBook pro Laptop PC iMac iPad air",3.99,2025-03-05
"USB C to USB Adapter 3.1 Gen 2, 10Gbps USB to USB C Adapter, USB-C Male to USB 3.0 A Female USB 3.2 Type C OTG Converter for MacBook pro Laptop PC iMac iPad air",3.99,2025-03-05
"USB C to USB Adapter 3.1 Gen 2, 10Gbps USB to USB C Adapter, USB-C Male to USB 3.0 A Female USB 3.2 Type C OTG Converter for MacBook pro Laptop PC iMac iPad air",3.99,2025-03-05
